Path,Exists,ExpectedSHA256,CurrentSHA256,ExactMatch
apps/api/src/middleware/__tests__/appInsights.test.ts,YES,,b0e62510d85a815e8a32ee5caf2e11f378756496bdf9ede4dbf2b58476ae0cb8,NO
apps/api/src/routes/enforcement-cases.ts,YES,,0246236aeb7651488b4ed6551d7ea56d252a45cef0bf17861cfe35ddd7ef11d7,NO
apps/api/src/routes/listings.ts,YES,,dab886beb467b2b70fe40ff24a930caed7f1dbfdab70a99c4153c43c1559d1cd,NO
apps/api/src/services/__tests__/blobService.test.ts,YES,,b90f3d565f52d5ef802b74e06de8460a10b8d2c5b82ec44322389253e723cd65,NO
apps/api/src/services/listingService.ts,YES,,2642f07defd8c71efa106e906067142e4a1621220b0b3f66a5738b223ba1fb37,NO
apps/api/src/utils/errors.ts,YES,,4781e10f6cd2369a1b3c3a7756da9c921da722121dcdea58e05744becdbd9a74,NO
build-manifest.json,YES,,cfec5b06eba779eaf8d9a9ed3f684bd5006ae6a2b254435e865d2338228c83d6,NO
debug.js,YES,,2fa8124af3ae0ec4cf4e722f7c29f180b56537bb59a3fe755796ddc685e50709,NO
docs/final-documentation.zip,YES,,5e38a40530ad214534562e6db7ad3b793d348684fc2e8130a906d5d4d032dcdf,NO
docs/final-documentation/00-DOCUMENT-CONTROL/RENTipid_DOCUMENTATION_FILE_HASHES.sha256,YES,,fa28a4abce401eed0dde4e089f27ce0f57abc59b72944b892a6dce810dc1b014,NO
docs/final-documentation/09-DIAGRAMS/rendered-png/01-system-context.png,YES,,8cd43dc89d65cfe3915c5d6d9da91530e3c32c43b086b2a55e6cdc17d6ce8d2a,NO
docs/final-documentation/09-DIAGRAMS/rendered-png/02-user-role-ecosystem.png,YES,,58cb34ea7178f1142f3a2a97eae86fa8d25cb460f23b23caf96e1b41ddf8d595,NO
docs/final-documentation/09-DIAGRAMS/rendered-png/03-vercel-azure-architecture-direction.png,YES,,cb2a14c521f9090d01421d49f8b15c06cfaa03a2f51c750c775dbdb4456c061e,NO
docs/final-documentation/09-DIAGRAMS/rendered-png/04-repository-runtime-transition.png,YES,,fb639da9e4e5480cf8594f89bf62096a4e70366a93a53d25c16ec999c11118d6,NO
docs/final-documentation/09-DIAGRAMS/rendered-png/05-renter-journey.png,YES,,7c035c4f50121220272dfa1648a3d80c734aaf7689a3c6b2fb9a8886bc018972,NO
docs/final-documentation/09-DIAGRAMS/rendered-png/06-provider-journey.png,YES,,5588cdc8b8e4b8b61dea5eafc990c5c4b63694933f6caa440cca6ee8117c08ce,NO
docs/final-documentation/09-DIAGRAMS/rendered-png/07-listing-lifecycle.png,YES,,276a173c974bb0a30f4a5f2ee2d7f6b88c2687ca6989acdddef7d5c68361b279,NO
docs/final-documentation/09-DIAGRAMS/rendered-png/08-booking-lifecycle.png,YES,,7dc8e984f13af12b3e9dac6eff8a3286aa445f829b047a35f49d680c6f305e4a,NO
docs/final-documentation/09-DIAGRAMS/rendered-png/09-agreement-lifecycle.png,YES,,6e9558df00c02f5d45976a0e1a85205fcfdf34dd2366b21fe90ec609815b8633,NO
docs/final-documentation/09-DIAGRAMS/rendered-png/10-payment-webhook-reconciliation.png,YES,,cf45b18fd55850f91d0bc88a9c96bdc9a33f1f2135d3cc54db841f109d2b8033,NO
docs/final-documentation/09-DIAGRAMS/rendered-png/11-deposit-refund-payout.png,YES,,ed7d6f9fd9433f38ee689c99edacd5aef7983d209f9ecf91815f0fd39bc2f36f,NO
docs/final-documentation/09-DIAGRAMS/rendered-png/12-inspection-claim-dispute.png,YES,,8d6f4a2b966e958f52f7d401b2f228d8b77e1f4cdc98c47dd7f02614471e3922,NO
docs/final-documentation/09-DIAGRAMS/rendered-png/13-kyc-business-verification.png,YES,,6792c00eaf8629b5b3f21011d3d98f6d07df70b4a375a73d5c4d7138023e688f,NO
docs/final-documentation/09-DIAGRAMS/rendered-png/14-soc-event-to-response.png,YES,,113ef355bdf63cad626b3d787887b634b04c7be83edf5d0a669e40aec355cb0f,NO
docs/final-documentation/09-DIAGRAMS/rendered-png/15-detection-alert-flow.png,YES,,acfb69ed43ea24ef1355b7e9b1d4fdabecd945fe39a840f1a8dc1a60c63abac6,NO
docs/final-documentation/09-DIAGRAMS/rendered-png/16-incident-approval-execution-rollback.png,YES,,5f1f30c82c023ab7f02dea518196d84fac338ecb26163c6c616e38c3d2483556,NO
docs/final-documentation/09-DIAGRAMS/rendered-png/17-emergency-freeze.png,YES,,633b22b8255ee05e3d025ba70aaea4c06aa44a5b9c1f6112bb2bdbcbdd0fddc5,NO
docs/final-documentation/09-DIAGRAMS/rendered-png/18-ai-digital-human-architecture.png,YES,,2186142bcb7bc01758fbddb8706de1cfd89908c2bcb1b37f60bba1484a926096,NO
docs/final-documentation/09-DIAGRAMS/rendered-png/19-ai-tool-gateway.png,YES,,47eb874bb209a673d7b39581d329323bbbf6076ad0d333e65fb1583a985cb152,NO
docs/final-documentation/09-DIAGRAMS/rendered-png/20-ai-support-case-lifecycle.png,YES,,2b7d51fbb3d4517ce4295bdfc4ee7bacad8b765001cf64687b99bc559141918d,NO
docs/final-documentation/09-DIAGRAMS/rendered-png/21-database-domain-map.png,YES,,993b5ed190670c22bfb9744d71b4fe066ed72c36a6d297568d275258b0c25667,NO
docs/final-documentation/09-DIAGRAMS/rendered-png/22-api-integration-map.png,YES,,1f4f153cc60174d20030c6316204bbbb5f9fc92ab8d4d8a525c8cb2d10524e11,NO
docs/final-documentation/09-DIAGRAMS/rendered-png/23-pwa-capacitor-architecture.png,YES,,af3e24be22726bcb64ffac17eb695e6bfea7291cdb36aac27441b416b8df1de5,NO
docs/final-documentation/09-DIAGRAMS/rendered-png/24-monitoring-backup-recovery.png,YES,,d603ad9c2ce8c9f85c36117b0e0c00e8c5996419e9c4c341d0e802cee6932fda,NO
docs/final-documentation/09-DIAGRAMS/rendered-png/25-phase-freeze-timeline.png,YES,,ac0f735735be7c393c93bac94d9995e70205a33acc1335f2bbe8d6686a171684,NO
docs/final-documentation/09-DIAGRAMS/rendered-svg/01-system-context.svg,YES,,aaa0765fc5479abff2bd98d3fae945c3f048098a74f50166a4fc1b9bd5123cdb,NO
docs/final-documentation/09-DIAGRAMS/rendered-svg/02-user-role-ecosystem.svg,YES,,0661e2c580ea1a261fa498e11c9bdf2df622138e7b0a7bc30c04e9ee0fa819af,NO
docs/final-documentation/09-DIAGRAMS/rendered-svg/03-vercel-azure-architecture-direction.svg,YES,,fe7e2b384f7580ae23bd7fab9fe48ed0a9f963dd3a12f85c2e2d0f13f2841f96,NO
docs/final-documentation/09-DIAGRAMS/rendered-svg/04-repository-runtime-transition.svg,YES,,7b345505ea740e942ab70b1b4c6fd78d4aaaf0b890782ea0cc8232109697a1e3,NO
docs/final-documentation/09-DIAGRAMS/rendered-svg/05-renter-journey.svg,YES,,323988f040b5c3dfcb82ff30804402224ef9d20bf4294b22c5e7b54a86a296b4,NO
docs/final-documentation/09-DIAGRAMS/rendered-svg/06-provider-journey.svg,YES,,3ce64083197b8e20c0d817712b381eb47805c2b97446373795940caf5158ce47,NO
docs/final-documentation/09-DIAGRAMS/rendered-svg/07-listing-lifecycle.svg,YES,,66e622cdbb88415160b4a15ee6b26fa6a4aed5f52332ef1db9603560810dcbab,NO
docs/final-documentation/09-DIAGRAMS/rendered-svg/08-booking-lifecycle.svg,YES,,bc1976abe49efa2d60ee798a785f469c352fff813e099e9fb959603249e00008,NO
docs/final-documentation/09-DIAGRAMS/rendered-svg/09-agreement-lifecycle.svg,YES,,9e5005df4e0802bc7062dbd7eb8d08c3d19a9ca2e9400883b0455950205b9718,NO
docs/final-documentation/09-DIAGRAMS/rendered-svg/10-payment-webhook-reconciliation.svg,YES,,b756ff57ed78f7a89c4d4b741413fbd79ceb5b46fb147d99ac605fc54ffe39f2,NO
docs/final-documentation/09-DIAGRAMS/rendered-svg/11-deposit-refund-payout.svg,YES,,94e1c53ea45b31e41b229705cdd2bf89e69f0eb52f367351141f92ce39785df9,NO
docs/final-documentation/09-DIAGRAMS/rendered-svg/12-inspection-claim-dispute.svg,YES,,91d0b192ffca34e74bbf1b0f3fac339680c090f9cc6f6c1b88b1d8764e78f8b5,NO
docs/final-documentation/09-DIAGRAMS/rendered-svg/13-kyc-business-verification.svg,YES,,8daf93c0995b95fa686bc6b623ba827de762650620013995106b071cf1ec3776,NO
docs/final-documentation/09-DIAGRAMS/rendered-svg/14-soc-event-to-response.svg,YES,,ecdf8dc81d2bd7514892c83fdf6058431c27dec3029ebef83014e151ede2c9e4,NO
docs/final-documentation/09-DIAGRAMS/rendered-svg/15-detection-alert-flow.svg,YES,,810004d16bce2915eddd7a33d8899aa04bb03f2f670018fa92271281eeb95cdb,NO
docs/final-documentation/09-DIAGRAMS/rendered-svg/16-incident-approval-execution-rollback.svg,YES,,b32b67ac0e7a10c6b50c8a438ee96505954d374dd25032a034d3b1dc7e5757c0,NO
docs/final-documentation/09-DIAGRAMS/rendered-svg/17-emergency-freeze.svg,YES,,b7ca32cf6a7d5a7f4bb7f21b2981c5e884c979ad4820ef425bf593f57f5523f7,NO
docs/final-documentation/09-DIAGRAMS/rendered-svg/18-ai-digital-human-architecture.svg,YES,,10c8b556917338eff0dab1393ccc9f42130a07a3cd2c35544bf24507a389ecad,NO
docs/final-documentation/09-DIAGRAMS/rendered-svg/19-ai-tool-gateway.svg,YES,,58583e2a548b6be8069ed767c9a79b0c177091c8359799de25c3f6d72b72fa9b,NO
docs/final-documentation/09-DIAGRAMS/rendered-svg/20-ai-support-case-lifecycle.svg,YES,,440712f2f3d0b627d213807f25f8d6e099f241a5884c6faeb4b3a29c6c064209,NO
docs/final-documentation/09-DIAGRAMS/rendered-svg/21-database-domain-map.svg,YES,,03f8513c1fc43261635956a39fb83ab10714573292c1e1ed105c4ed32df9ef80,NO
docs/final-documentation/09-DIAGRAMS/rendered-svg/22-api-integration-map.svg,YES,,9bcb0c882e3ad19274afe7b6fd1b69528efa75c5a3a8698f5f5ae61cbf15d9b0,NO
docs/final-documentation/09-DIAGRAMS/rendered-svg/23-pwa-capacitor-architecture.svg,YES,,58bc5489cdf4a5553b54de8d9480ff016dbba3baed4e5f352c09b3f570e1f561,NO
docs/final-documentation/09-DIAGRAMS/rendered-svg/24-monitoring-backup-recovery.svg,YES,,4f59bdbcc322ea31f1a24f355b1cc48b77d1ce56ef589da78caa3a462a516157,NO
docs/final-documentation/09-DIAGRAMS/rendered-svg/25-phase-freeze-timeline.svg,YES,,b485ecf2719521224454c9a2b47fdcf4c40b9ec0c64a0a952bd68d9771902ada,NO
docs/final-documentation/09-DIAGRAMS/source/01-system-context.mmd,YES,,f56154e3da2e06177053655d485a4549e907f0ffdfa9e9633c34884144fa58e8,NO
docs/final-documentation/09-DIAGRAMS/source/02-user-role-ecosystem.mmd,YES,,2a72fbd8986c97508509d0b71cef16d7ad98ba8f16fb17d3a364ef43d2ddb3d1,NO
docs/final-documentation/09-DIAGRAMS/source/03-vercel-azure-architecture-direction.mmd,YES,,58299f78e7419e602b3cf207578b243b53540219ad94278e5f1b89b7f0424061,NO
docs/final-documentation/09-DIAGRAMS/source/04-repository-runtime-transition.mmd,YES,,2ff4218c3eb9512e1766f2bd32e07f77d40c614f42b6a440fe24ab54141ee2ab,NO
docs/final-documentation/09-DIAGRAMS/source/05-renter-journey.mmd,YES,,887e6135c6b1abb54504119cde477e376e1a08d24f6a645983e602995cb91443,NO
docs/final-documentation/09-DIAGRAMS/source/06-provider-journey.mmd,YES,,0a6ac59ed26898a1648aaf6578e1de4f03bd277bf0f08ffafc7951b129d3d3b0,NO
docs/final-documentation/09-DIAGRAMS/source/07-listing-lifecycle.mmd,YES,,8c31345531aa27766d15030bef191ec8b2e7083034cad2e12c36fccea0c8a1b6,NO
docs/final-documentation/09-DIAGRAMS/source/08-booking-lifecycle.mmd,YES,,6e6653f8a6b7ec3447eff22f79e4e10b3140781347c60070dbf52860764bfe80,NO
docs/final-documentation/09-DIAGRAMS/source/09-agreement-lifecycle.mmd,YES,,646be82d5c6ff12d0ef36717d0d615d74b2a8d69521c9bbac26ba5543d7b7792,NO
docs/final-documentation/09-DIAGRAMS/source/10-payment-webhook-reconciliation.mmd,YES,,8c5e964d3be90f6f0e42d823d3e05c431161328ba0595f65cc7fcf0736a4dff5,NO
docs/final-documentation/09-DIAGRAMS/source/11-deposit-refund-payout.mmd,YES,,659cfc8567375bc3815605ab501ce0d9287f24cf0b568b730dfa5afa7c843d39,NO
docs/final-documentation/09-DIAGRAMS/source/12-inspection-claim-dispute.mmd,YES,,0ec8260fdb34d235f36e45e0d9f4e54d087a4a2d525265b5184f3dd9a7660dbf,NO
docs/final-documentation/09-DIAGRAMS/source/13-kyc-business-verification.mmd,YES,,429c27acc3bf92707d3290232c6778c0027f173239864fa6cba76bafc1b9d573,NO
docs/final-documentation/09-DIAGRAMS/source/14-soc-event-to-response.mmd,YES,,ec35e34080119600ccaeb0fe4b49c4f1fccca0e107d9050ece104e2dde892366,NO
docs/final-documentation/09-DIAGRAMS/source/15-detection-alert-flow.mmd,YES,,c39c73989cd5947b6ccf5fd171a62caac06d13b2e0510e61411da8c4626b4e60,NO
docs/final-documentation/09-DIAGRAMS/source/16-incident-approval-execution-rollback.mmd,YES,,323207d4ff6e88bc235c82effcd98b120c8a4e905d61d3b1debc1b5bda9796c4,NO
docs/final-documentation/09-DIAGRAMS/source/17-emergency-freeze.mmd,YES,,6edce1cc5d863041a06d8f6ea245fa1ee983aa415e0372a139718c0ee80d1193,NO
docs/final-documentation/09-DIAGRAMS/source/18-ai-digital-human-architecture.mmd,YES,,f3a70c9b5c5affa63ab04f664d91529840522d9444aa7f783e08b1cfeee4f8fd,NO
docs/final-documentation/09-DIAGRAMS/source/19-ai-tool-gateway.mmd,YES,,186da52ccb82230b059445da76eb49bb48b269e86d18de70cee7dda8c22b5344,NO
docs/final-documentation/09-DIAGRAMS/source/20-ai-support-case-lifecycle.mmd,YES,,125a2a2e76e4c7204c95caba4468efdcabe7e161c7157becfd7ac139717bf4ca,NO
docs/final-documentation/09-DIAGRAMS/source/21-database-domain-map.mmd,YES,,033c8948e82de7132613cc9fbb188c43ee69a7a42db6d5df1ff3e86543041c1a,NO
docs/final-documentation/09-DIAGRAMS/source/22-api-integration-map.mmd,YES,,fb3e5b24c07160387b2682368306eaeaf9b319263e7b5aa792fd072595e9d1a5,NO
docs/final-documentation/09-DIAGRAMS/source/23-pwa-capacitor-architecture.mmd,YES,,73fc92c7aaa8c9b8e8e45ecfe87b6b96dede10b2b542c3ca240799cf6a533bbb,NO
docs/final-documentation/09-DIAGRAMS/source/24-monitoring-backup-recovery.mmd,YES,,6e35aa7853368e997416441a506fef1cb2f4615f7ce74d2f77a286627e6d68fa,NO
docs/final-documentation/09-DIAGRAMS/source/25-phase-freeze-timeline.mmd,YES,,63d081912d7774129c8ffba167ca5518f8d2186352c7604c7400a8c275c868fd,NO
docs/final-documentation/12-RENDERED-OUTPUTS/RENTipid_COMPLETE_MASTER_MANUAL.docx,YES,,2c68dda3b02d973ab7945160053423be3f24d77ee5388054706e23c1f345f7df,NO
docs/final-documentation/12-RENDERED-OUTPUTS/RENTipid_COMPLETE_MASTER_MANUAL.html,YES,,0b32834e0e4e30bdce7d9a6a6d1e589e9a3f0ccde2ad9b191c6e180c2e060a1d,NO
docs/final-documentation/12-RENDERED-OUTPUTS/RENTipid_COMPLETE_MASTER_MANUAL.pdf,YES,,3496cf5edc096e3c3fa14d46eb3faddef939e46d617a5cab7d0752c719f48981,NO
docs/final-documentation/12-RENDERED-OUTPUTS/RENTipid_RENDER_MASTER_PDF.ps1,YES,,11919342555c81849ee7f2d62074e2f8e0913173cb9d7f77e7aa583b3b0b4277,NO
docs/final-documentation/13-ARCHIVE/RENTipid_COMPLETE_DOCUMENTATION_PACKAGE.zip,YES,,1a45c168f10edb7117d3072320bbc66439dcd82b5696eb1c388fff84808ac00f,NO
infrastructure/modules/compute-parallel/main.tf,YES,,f7391d4502fab7e7437d9bdd237cd4be6127f353a37a87982b56f3ac80c50e56,NO
infrastructure/modules/compute-parallel/outputs.tf,YES,,762da1e56493bc61a9b70f6947b8a5f4359407bb2c2b15888d8fcdef9e4a5db2,NO
infrastructure/modules/compute-parallel/variables.tf,YES,,982ba991845c59efd0007882229c2b61fe9f921a76b417f5f28ff72192f7f8ce,NO
infrastructure/modules/monitoring/main.tf,YES,,8397f5f999bd938e13e711802932cead595bb2ff7f01ad0135725ac3290b54f3,NO
infrastructure/modules/monitoring/outputs.tf,YES,,ce5bafc6affae9a6e4d2c3c4d76b4911ad2b9d5f0bf0320080f49d999d5b41fd,NO
infrastructure/modules/monitoring/variables.tf,YES,,7c307665daf4b7e0b9b4e3ac76d848b39d3ee874cb8167dff9c15d6ebfa27dff,NO
infrastructure/modules/network/main.tf,YES,,4d374126bc329b8ef9b9cd19cf8dfe8ec779ddfd0c90647efb472b493297817d,NO
infrastructure/modules/network/outputs.tf,YES,,b9151fe7a183aaf3be813e11d59de4e096f9fce707d8691f252b44fd7d59f55b,NO
infrastructure/modules/network/variables.tf,YES,,535eaf1b7a9323cae66777ab83eb3f9c771fef34009d7c0ced262bf7f9f9857c,NO
infrastructure/modules/storage/outputs.tf,YES,,ce763ad9ca658046b4702e7d17352709db3a90011fa7b60645cad8ed721b4c3f,NO
package.json,YES,,96f5dde5be227802aafee320aa75bc1ef6f0be44d71c5828799caffc7d5af77d,NO
package-lock.json,YES,,c65ee2d774683ce177a2a9a84371f2122f6b71be3ba7b521e4e586d8943379a4,NO
phase17-execution-package.zip,YES,,bd343b97c578acd826f6a4f4154b027f9030e77ed7c86dda39f979d1b5e3c943,NO
phase17-final-closure-20260730-102118.zip,YES,,4124fb35e2e68420a621701fa93f1d0f40228789045132e319fdf11183ffe262,NO
phase17-rehearsal-evidence.zip,YES,,032b8a5769fc40bdbc853337f2a19d75c38ff9bde23ae95a1d732e1c75241da5,NO
prisma/migrations/20260715145648_init_soc_events/migration.sql,YES,,c1f906fd79bca44d275e648a5842909b482508b2577408508250ae7487fbae1e,NO
prisma/migrations/20260715153500_add_soc_recovery/migration.sql,YES,,5f33b40d9f731bdc42ca367370b4aaff4b1d034bac387d7f347bec8fddf2e98d,NO
prisma/migrations/20260715161457_add_soc_failure_resolution/migration.sql,YES,,f32c5b3c073acca6ee173e3b78782d3ad1ba9de6883b83633745dcd3ef84bff7,NO
prisma/migrations/20260724140000_soc_gate4g_playbooks/migration.sql,YES,,49c0954dd50c2aab2a385cdda028b6a1f84d5967bfdab031d1dc24f3548ac280,NO
prisma/migrations/20260724155000_soc_gate4g_playbook_concurrency/migration.sql,YES,,4294363db5729b97585c3b6634445dbaec097e19e4839b12bbc027af321a1013,NO
prisma/migrations/20260805092944_privacy_v1_schema_recovery/migration.sql,YES,,8efd05e02e6f4aeebba423b593b5e8e0e05b07ace4a466e42b833e252eaf9bbb,NO
prisma/schema.prisma,YES,,c4edf19f8379fa16632a3059e3460ea0297e0c48a3b66503c051accebba3ef59,NO
public/seed-assets/list-agri-001.svg,YES,,051019ceadae945da86632d5fff375a9ae56474fb18863a6ade28d0bf9c083ef,NO
public/seed-assets/list-agri-002.svg,YES,,8af318fe39ef5aeab121447ce3f0df609c5e637770deeb29e397c082bb2e5054,NO
public/seed-assets/list-agri-003.svg,YES,,7058e2d203550db9ec1589d5545b440adf434ddc15a80fe10bc20fd158001b28,NO
public/seed-assets/list-boat-001.svg,YES,,a1a1dd301d660d565fb2f5fbfb3d8e95e16f12c0edb1d26263b0eee35f3c71c6,NO
public/seed-assets/list-boat-002.svg,YES,,07d576b0153a5ffe8d481dabba18121b5982015a99dd45fef8e80375dfef0f02,NO
public/seed-assets/list-boat-003.svg,YES,,c3e1b20207dedd3aff30d77ec04b286053af923fe17e433f15bd470ea2be0942,NO
public/seed-assets/list-cam-001.svg,YES,,f948b125dc21b87a02cf74527d78275145cb38c86c4dd9b47ff9c28444003741,NO
public/seed-assets/list-cam-002.svg,YES,,276fb8fdfe8789d6e5bb97b9f865c7813f74f79737c7a88210f6ed441dd780db,NO
public/seed-assets/list-cam-003.svg,YES,,790f7c43d146e07eaa631b8f789d9160e8fb9fcf3d11e507b629df61ee48e873,NO
public/seed-assets/list-car-001.svg,YES,,defa8b60e7524cda625dc9444889e862cedb2ddb9b36efe7e7c3f9845b9777f6,NO
public/seed-assets/list-car-002.svg,YES,,a2a766a0b15626dc5d20445769da3da6175ae1a014fd158a5de37fa690b82406,NO
public/seed-assets/list-car-003.svg,YES,,6b6dcbe500520abfeca759e7a2e5a91c297f243dcf728f4664bae61a255dcaf5,NO
public/seed-assets/list-comm-001.svg,YES,,c8476c0a6b950efbe13303df0e3280eaaaed39b5fe8b4bf7676ab9d538728f53,NO
public/seed-assets/list-comm-002.svg,YES,,8b76d730f166ff0a279b3c477dc6c866ea71fc5eca8f0ebc67dab229bccbbd08,NO
public/seed-assets/list-comm-003.svg,YES,,75d8a3b5db52aa576ddacb3d64dc643313ae243c0166042128d0706a8bb5b466,NO
public/seed-assets/list-condo-001.svg,YES,,751d194aa4f18c0031b96ee95b7f9b2c88722984ea5cfd8b89108b1cac7ebb9f,NO
public/seed-assets/list-condo-002.svg,YES,,091db8a7fee836c3a0d24672bd38e9b518ecb13fd3aab94d7c7690f76e9ae75e,NO
public/seed-assets/list-condo-003.svg,YES,,901889f0df38c4af74c7e8269e67e25c6c37fba8c50282bb66297494b1a04110,NO
public/seed-assets/list-const-001.svg,YES,,2bf44d00662367081fda8fcab880da2653d737b37a9cd2a432e7f8890439a9df,NO
public/seed-assets/list-const-002.svg,YES,,e9592fee4636be8f63c2b170315762aa0cba9af331ead838dfa735c54a6d5d15,NO
public/seed-assets/list-const-003.svg,YES,,54d54db291bf63d7a9c1f3b05928aaefe11bffd8b107b4ea8bd2d37f212e6d79,NO
public/seed-assets/list-event-001.svg,YES,,bdd1aeaaf2d29ad22555ec1aa011d9065080e6157dc331a16b0e374f3d9e59a0,NO
public/seed-assets/list-event-002.svg,YES,,3ba47871b0c17aab9fe119e73462808920e4d5a5b91f9f5c484e1ee9b3c07915,NO
public/seed-assets/list-event-003.svg,YES,,4d2b2e20faa7e000876923d2e9fbe6b9472afbe19162e1af16a2cea63ad88ad6,NO
public/seed-assets/list-heavy-001.svg,YES,,440f269157c1c4070147b71a27418a35ecf0bae6a8d11e1e346c01b59762d147,NO
public/seed-assets/list-heavy-002.svg,YES,,f5fb032b0c7445e37aeec4309d28ae09edcd75acb75e34f964fd3429adb01e6a,NO
public/seed-assets/list-heavy-003.svg,YES,,950b19599a47d99e762e23faa1e0080ce1414dc4861adffec6afbb2d5f59c322,NO
public/seed-assets/list-moto-001.svg,YES,,5dcfeaeeb1a1d73fcc719fb0d6a625af8a50a82154e14b83e913dc41a6f0c688,NO
public/seed-assets/list-moto-002.svg,YES,,ebcbfa2352d4c70992e57ee0ac44965dced3689c157b6a3ff437d512bd983bff,NO
public/seed-assets/list-moto-003.svg,YES,,dc55d545b01864f761435e22674c7a67551460272433677e600ac33a003a0898,NO
public/seed-assets/list-office-001.svg,YES,,0e879f05c822d94bde0ed801aef4b8f22ddbf4652aab609fcb1f31e11b7b2632,NO
public/seed-assets/list-office-002.svg,YES,,717079c3265c576cb167a11492dcc435c1b847307104da0c8f2772a377181538,NO
public/seed-assets/list-office-003.svg,YES,,f1d9f3ed20daf68883de2eb786c71dedc663b103621260475cd1f7f38ee40842,NO
public/seed-assets/list-stay-001.svg,YES,,9f214a5aef52a2cb53257af164eedfdd7d83e6337bde082b2c7ed7e75f023ce2,NO
public/seed-assets/list-stay-002.svg,YES,,7aaa9b8b564e222b209365adc715ee39fee669d27256a138dd55a52f2b469be5,NO
public/seed-assets/list-stay-003.svg,YES,,6945d919801163d82251089517dfcec29c95a90631b9868c212489172f8fdbcd,NO
public/seed-assets/list-tools-001.svg,YES,,cf167fbb183f21d61ee40a5ce9bc69b0957a99c43313565046bc4a19ea2763cb,NO
public/seed-assets/list-tools-002.svg,YES,,a145a36b726183c349a1d4094985df62b635f5c80701f7e331d2c9565438b934,NO
public/seed-assets/list-tools-003.svg,YES,,4d0782c91eeaefcfd90a777693f6b1a09dfbab7a3f71c66c50d7d2654a182903,NO
public/seed-assets/list-truck-001.svg,YES,,f251bf906c43d2abd4a715f9bbb3956d60dbddaa21f5d552f4f7e0dbceedff6d,NO
public/seed-assets/list-truck-002.svg,YES,,7ff61f33d626da9ecaaa52904b6ff01159cfdda0cf7432b181fd1ca978c1cef6,NO
public/seed-assets/list-truck-003.svg,YES,,58a8fd9ae3feaf70d94462f167ee994b38f5f3b19c89e64b8daf6a3a6035e532,NO
public/seed-assets/list-venue-001.svg,YES,,a6eeee496f5927191502078504125ff121dd7a2b19a8b7865035c009e9008926,NO
public/seed-assets/list-venue-002.svg,YES,,f951fc2b78cf5dff705da7fee3b547f11bb312f3c86e9b2a026c95a8ba5bb771,NO
public/seed-assets/list-venue-003.svg,YES,,027ebad0a89e611f31a735c144ed61372f1a56d2b6076dba41a078a451de81d5,NO
scripts/complete-phase17-rehearsal.ps1,YES,,893f66bdb3ed28d40479aced725245a6639fed8c162ad9a8d1381dd35e66054a,NO
scripts/count-policies.js,YES,,bdc6a444c91035b6a81b39c1861fc1b759df25d910b98207f3efef16b5e96d65,NO
scripts/invoke-phase19b-readonly-network-inventory.ps1,YES,,60db40e5ed7cd24cc28157564aff5d9e4f879afbc67eb5364c56db5610b0a7e2,NO
scripts/run-phase17-rehearsal.before-env-cleanup-fix.ps1,YES,,0595215e84d72051c6c3b90ecc5222050d0e684f9c0e2363ae2746091b83d44e,NO
scripts/seed-prohibited-items.ts,YES,,6422dbaf04c6e420bdc75270f64cde9be07a68dd594ad234c206cc6d6948e391,NO
scripts/test-query.js,YES,,d0d33fcc4aaf5f53a1202b0dc45a6a39318ab6262d8f762a32d69d8343abc69d,NO
scripts/test-query.ts,YES,,456f2c8508f56884f77716ac10f48f0e9aa747360f490620f9f14e186dbbcfb1,NO
seed-data/rentipid_marketplace_sample_seed_catalog.json,YES,,3ae148bf48e28c0c783cacb5ecefcbfe13c03a5db39860caef5d525fcf3939e0,NO
src/app/api/admin/users/[userId]/profile/route.ts,YES,,ab92f7fd76df489954b3023783c54f8e6f77c7addfcea080e0b4133151afbee3,NO
src/app/api/privacy/consent/route.ts,YES,,e9ba326630f9cddab17fd70d09c787bdeeccc3fd27d30bea3a467a64ab7c3d8e,NO
src/app/api/privacy/cookies/route.ts,YES,,75c33ec9f02d6d58c2457db5903916fd9abdc5c1d50dfc3b06e646332df0eb8f,NO
src/app/api/privacy/correction/route.ts,YES,,41fff863602de18f7328ef6d35cca28903fc2348fb8ab4a76f2e32d501c47598,NO
src/app/api/privacy/deletion/route.ts,YES,,b6607421e9877adee50aa43a972d2607a3d9f83944e3527f31225d9f8397d949,NO
src/app/api/privacy/export/route.ts,YES,,5ec92ffcb6de00f4afc77dee41ce032554df388f67d8589980577374acc977be,NO
src/app/api/privacy/requests/route.ts,YES,,5af3cf18827d9ceeb7fa5d02dfa7c33b5f475179bfb6d6f18e5ab19827649e50,NO
src/app/api/profile/change-password/route.ts,YES,,31f64f1d871b6c6c3890b88921f5fbd7a6f70b2e8b3609ec87388c1a298970c6,NO
src/app/api/profile/photo/route.ts,YES,,6b8e08857431403fbe235ad93a42422f567929784ef0e9fbdb6c9deff70c207c,NO
src/app/api/profile/route.ts,YES,,f4749f2e88a76c9eafbca0930339c8a520bed449b6dc264169599466e5b33076,NO
src/app/dashboard/admin/privacy/consents/page.tsx,YES,,1241cce7dbb2a6004ee3b7a8ff2ea5afc3d5167b842263d80e45825dc8af1540,NO
src/app/dashboard/admin/privacy/page.tsx,YES,,345924c4dea971b96a2a27bb4e8a82b2e734b5255897177e9daefc8b756dcfbb,NO
src/app/dashboard/admin/privacy/policies/page.tsx,YES,,24527bbd14edadeb71c9dc37e615f802e96131d3912f5939f1bb58788eae161d,NO
src/app/dashboard/admin/privacy/requests/[requestId]/page.tsx,YES,,e2a7dac8ab3e6cc5e50c3ba67e5ca8f2f1695d5b2067bc21bc076f48e5666a80,NO
src/app/dashboard/admin/privacy/requests/page.tsx,YES,,4f866f8d695462913b81e0c3f77432d68ec2c677031c99e18dc1bda8c76d14b3,NO
src/app/dashboard/admin/users/[userId]/page.tsx,YES,,8c38636514807e331a0ac79c70091c93e666c9a75d90e1a3db3769ea55bbd318,NO
src/app/dashboard/admin/users/page.tsx,YES,,66414946dc1ab437bdb07049b04e247ff8829a677497b806c9539ea3b8975c47,NO
src/app/dashboard/privacy/page.tsx,YES,,508ae4d0e049ef555d96e0f673015bff3f9146001bcaff1e40971145b4cc202c,NO
src/app/dashboard/profile/page.tsx,YES,,201f0a381f69a8250f09402b815f45d8217b13c3fffd33bacb108b2bd4cbed74,NO
src/app/layout.tsx,YES,,12ece2c52fa0b21f5191fc76e87b745d22138ae6f99dc08ec870c2132e4e1609,NO
src/app/privacy/admin/page.tsx,YES,,86207a4b78938f26d0138a0ef901017c3ebc0e03cf20d1a86c875174b85c10c0,NO
src/app/privacy/cookies/page.tsx,YES,,65ede49d6002410dabb41c51034c66b03944ef064f55dd883033f69a755fef3c,NO
src/app/privacy/page.tsx,YES,,469e22c711470dd6546ae2cb872f72a9f19c16a36827641dd6760d5b35405889,NO
src/app/privacy/request/page.tsx,YES,,85908bf00dd7c70fdc8e12d66daa41043125805a3682e0aa13f6ca70d6d3853e,NO
src/components/admin/AdminProfileFormClient.tsx,YES,,dc2ce815b20a948f66955bfcdee06b3dd159c4659325756ab18cda5a9de1bfce,NO
src/components/layout/Footer.tsx,YES,,7926519de7ad3c193f9042ec3579d6845b2963a3c1291985faf23c47a00a7cb7,NO
src/components/layout/Header.tsx,YES,,c03816a56eedc94c66613c2ea3053447067f157e78bfcb26efd08215865e675b,NO
src/components/layout/UserNavMenu.tsx,YES,,70872d051ddd60f494d97b82f7b3fcc9bc0154edcaacc81c66711710057b6a3f,NO
src/components/profile/ChangePasswordClient.tsx,YES,,683fa2cbb212f04dc9e2ed1bfab03bb876cdbd7a8f483faf61f9223e0d325e8d,NO
src/components/profile/ProfileFormClient.tsx,YES,,0476392b8368297bceb45148314ffb040a254c7da0a658b65d384a29264d0ada,NO
src/components/profile/ProfilePhotoUploadClient.tsx,YES,,cd1fdc8ee4f7785951c6719baa23fbf693cfd70a13615d3b3277a5c95e11d8af,NO
src/lib/permissions.ts,YES,,10c444947b3bfac2f229855013922480f85722467f279cae28b2c1ea5835a599,NO
src/lib/privacy/data-classification.ts,YES,,66b069deabab9d2fdb647512671deeab55ab7436db8fa41fd57a99c55dc2f589,NO
src/lib/privacy/privacy-workflow.ts,YES,,87d29abddbdc4fb94177cee1cd1fdf3964fbc6f147a22b3462fcd91d50e68cee,NO
src/lib/privacy/retention-policy.ts,YES,,4b431fda959bc9e07f0631f38bfa15e1abd4cde8529725557a7bb9305a52fc2f,NO
tests/compliance/phase5-appeals.integration.test.ts,YES,,1a909933033fda1fd99375ef5da9e63229c68a2bba87bd9bc4f3935981c5097a,NO
tests/e2e/privacy-v1.spec.ts,YES,,a9a36cc4373688ba7865ea752df41c5b08611950b3ae4a77adb0990ac67de77f,NO
tests/marketplace/marketplace-sample-seed.test.ts,YES,,d41684dd2a2d5c6057b83d6d2df581a6a0a78fc472af171574e4252e0d56d1a9,NO
tests/privacy/admin.test.ts,YES,,0e8d4a8405639b50d24fbd7efe6c66ec50902cd41f64575fe830f5b9aa5daab3,NO
tests/privacy/admin-rbac.integration.test.ts,YES,,41ff4c0e163b451fd2b9b3ff05aa5e8290351596738ccf20353f4478f9f55333,NO
tests/privacy/audit.test.ts,YES,,2ac588935579f6f9b7c8d20b5cefacbc312b7c80700e3c9abff21e88bd4f3d30,NO
tests/privacy/cookie-consent.test.ts,YES,,2c1ca6f64cf9689cf21461ce15be36a579efb996ee233fa4d8d82efdd29f89b4,NO
tests/privacy/dsr.integration.test.ts,YES,,aaf7b9fb8c4176fc7b20c4cd6607dbc1d9da2704545378392d8d663f9159d3aa,NO
tests/privacy/phase5m.test.ts,YES,,9bc718d186966e9976364983275e6ae05f81fd06884b2688ede364cb2f66e10f,NO
tests/privacy/privacy-center.spec.ts,YES,,8208560e5d9127c0d5a5abc17dfd1fb45442aad5d5769b7f0205fc0fe4d8d97e,NO
tests/privacy/public-policy.test.ts,YES,,9c4f77ecee33338e8d14bbd686cdd02b72e0f5a9036f43504c72165e47226822,NO
tests/privacy/security-negative.integration.test.ts,YES,,6ae3f6dd8044691fc2a08abf1ed77dd620526f5fe79af6a74282d4e9b223ab95,NO
tests/security/rules/gate4e-listing-lifecycle.integration.test.ts,YES,,6aa9a9ee5b0f4d2e8fc7f9dc33caee9c19ab0a762bb02f358bc4c3f2229124d7,NO
tests/security/rules/gate4e-prohibited-items-policy.integration.test.ts,YES,,66f840363d5f0aacc7a7be9c937c99dcd43e5c8f06b7f04329cb091a6791c937,NO
tests/security/rules/phase3-lifecycle.integration.test.ts,YES,,9b6ae2d1532a9071e901baca1ef5f1f41821c1a0e83cef80f9451815346050e2,NO
tests/security/soc-gate4g.test.ts,YES,,072956a89b68fc80abacb5c0a0786fe58da25d74ab87a62f358befe39c7dd5af,NO

