File,SHA256
BASELINE.md,3B1DA658830C828ECF3E18C2BADD0C901C2B165D87A4222C5FD728EA141C1624
IMPLEMENTATION_REGISTRY.md,D019115528047C21D6F6D69FCA67EFC24A10B8CF8EFA576C53D623EA13A5BE2A
ARCHITECTURE_LOCK.md,1BB3B8C2AC30BA181FC55E11C99585F36741D0429CF2A8B00D5C99EAEB19CDBC
DECISION_LEDGER.md,B8AF70E8D886089F56FEA61A540ECDFE9A858875CE0BDA8D4FF5753C1A2A584F
REQUIREMENTS_TRACEABILITY.md,3838A16EB97F0288F6ED597BBC3B0F8769DB391E032F2DF321B4702C18C9D4FD
TOOL_REGISTRY.md,06CCB97D593680197225111F022CF25C1EEC7DE55CCDFA6017AB1FF47D101463
POLICY_CATALOG.md,66D6C1276274B1FA72BEE7DE4AFE10D85D0A69382617F38F4AF18B1E99D7CDCF
AI_CASE_STATE_MODEL.md,4CA7778F9481BDB05F5A5382640FC5538CC50E76A498B57E5E1E90CA0BF6EBB4
PROVIDER_REGISTER.md,C9293E53B15C8059B18698DF586FB38E6A4EC3655077E1750BA4B2FF9F0FA478
EVIDENCE_LEDGER.md,C49E584019CF85453FA991E8025F6595F04DDA44277AC9A31B2E0B2848D68590
VALIDATED_FILE_SET.txt,13C8FA35C7811D3A23A1151ACAB6E07F49485CAF903EE4D70D990FFBE478F7B3
PRE_VALIDATION_SHA256.txt,61AF8D4C61B65F693CBD3CA60C6D0BDA3C8E763C9AB07C0F5716945EFB8D77D8
POST_VALIDATION_SHA256.txt,B830C4CDB43177C64E1B13C4FD9FC9D96DD18553521EE1C408AA7A8890E24BAA
SECURITY_PRIVACY_REVIEW.md,6FB5BDBBEC4A2413B8D12CF8DB44D607A11CFE17B6EB6059C6E9822923AF4962
PRODUCTION_ACTIVATION.md,D8CDC8990725A34F1066702C6AB6855E0DEEDDD898089F444A566841BB74B591
ROLLBACK_VERIFICATION.md,9BD1B72EF40A763C528DD849A8C9D24FF87FAB5B28DF799B9AC4D462AA2CDC3E
FINAL_ACCEPTANCE.md,31CB9F8E681A2C3A2E281AB1E51CC2CCAE873DC06723CA39B7DD12E71ACE86B3
CLOSURE_CERTIFICATE.md,F0190086D5823880D630420CC7C467AFE652CC9C395ADEF0E1D31B58725C6713
FROZEN_SCOPE.md,CF3D87A36577F9F952A2E8A74AB48F17258785B49CF0BD99AB6381A9177202F1
COMPLETE_DOCUMENTATION.pdf,BD5E34EFAF5A1AB1EB731EAEB11A11996469581A3E02F4C911A5670E636AB9B2

